billing_id,customer_id,service_id,plan_name,billing_date,amount_paid,status,payment_date
1,1,5,Enterprise,2024-08-16,484.5,overdue,
2,1,4,Standard,2024-12-03,349.24,overdue,
3,1,3,Premium,2025-01-25,272.21,paid,2025-02-05
4,1,6,Custom,2024-10-04,426.73,failed,
5,1,8,Basic,2024-12-08,368.53,overdue,
6,1,2,Custom,2025-03-31,208.23,failed,
7,1,6,Standard,2024-10-28,492.97,failed,
8,2,11,Standard,2024-08-06,281.33,failed,
9,2,13,Basic,2025-03-15,38.58,failed,
10,2,11,Custom,2024-05-23,306.75,overdue,
11,2,9,Standard,2024-10-12,337.38,failed,
12,2,9,Standard,2024-06-04,188.8,failed,
13,2,10,Premium,2024-11-30,34.15,paid,2024-12-03
14,2,12,Enterprise,2024-10-23,476.55,pending,
15,2,9,Basic,2024-04-13,404.49,failed,
16,2,12,Custom,2024-04-13,179.47,overdue,
17,2,12,Custom,2025-03-02,139.92,paid,2025-03-11
18,2,13,Premium,2025-03-23,267.5,overdue,
19,2,12,Custom,2025-03-24,282.01,paid,2025-04-08
20,3,19,Premium,2024-08-21,277.21,pending,
21,3,19,Standard,2025-03-20,229.49,pending,
22,4,23,Custom,2025-03-17,256.51,failed,
23,4,23,Basic,2025-03-06,89.8,overdue,
24,4,23,Custom,2025-04-07,114.79,failed,
25,4,23,Custom,2025-01-19,462.36,failed,
26,4,23,Basic,2024-06-08,21.13,failed,
27,4,23,Basic,2025-02-21,290.36,failed,
28,4,23,Basic,2024-06-13,47.84,overdue,
29,4,23,Basic,2025-01-10,298.32,pending,
30,5,25,Basic,2024-07-08,90.33,failed,
31,5,24,Custom,2025-03-09,347.88,overdue,
32,5,24,Custom,2024-05-08,70.04,overdue,
33,5,24,Enterprise,2024-06-02,38.35,failed,
34,5,24,Basic,2024-08-22,496.59,overdue,
35,5,24,Basic,2024-06-18,374.7,overdue,
36,5,24,Custom,2024-11-09,369.34,paid,2024-11-11
37,5,24,Enterprise,2025-01-17,40.82,pending,
38,5,25,Enterprise,2025-03-14,470.7,paid,2025-03-17
39,5,25,Premium,2024-12-02,455.62,failed,
40,5,24,Enterprise,2024-09-27,320.93,overdue,
41,5,25,Enterprise,2025-03-13,240.66,paid,2025-04-01
42,5,24,Premium,2024-05-23,430.31,failed,
43,5,25,Enterprise,2024-12-23,384.25,overdue,
44,5,25,Standard,2025-01-31,70.61,pending,
45,5,25,Custom,2024-07-08,54.88,paid,2024-07-22
46,5,25,Standard,2025-02-21,28.92,overdue,
47,5,25,Enterprise,2024-10-12,80.14,failed,
48,5,24,Custom,2025-01-17,402.29,pending,
49,5,24,Premium,2024-11-20,195.71,failed,
50,6,29,Basic,2024-05-10,33.21,failed,
51,6,26,Custom,2025-03-20,76.16,overdue,
52,6,30,Custom,2024-04-21,218.48,overdue,
53,6,31,Standard,2025-01-17,413.19,overdue,
54,6,29,Premium,2024-05-29,217.71,pending,
55,6,32,Custom,2024-10-03,127.19,failed,
56,6,26,Premium,2024-08-04,35.43,overdue,
57,6,28,Premium,2025-02-05,471.05,paid,2025-03-01
58,6,28,Enterprise,2024-07-08,442.67,failed,
59,6,28,Premium,2024-08-16,305.38,overdue,
60,6,26,Enterprise,2025-01-16,238.91,failed,
61,6,27,Custom,2024-05-04,208.96,pending,
62,7,38,Enterprise,2024-09-06,247.91,pending,
63,7,33,Basic,2024-08-09,30.12,paid,2024-08-21
64,7,39,Enterprise,2024-08-09,368.71,overdue,
65,7,33,Standard,2025-02-25,400.92,paid,2025-03-05
66,7,35,Premium,2025-03-27,108.6,failed,
67,7,36,Premium,2024-07-08,347.38,failed,
68,7,33,Standard,2025-01-16,207.91,paid,2025-02-01
69,7,33,Standard,2025-02-01,77.68,failed,
70,7,36,Standard,2024-05-03,178.42,failed,
71,7,39,Custom,2025-03-07,113.23,pending,
72,7,37,Standard,2024-06-15,234.26,failed,
73,7,34,Standard,2025-01-19,167.45,paid,2025-01-22
74,7,36,Custom,2025-01-28,75.18,pending,
75,8,43,Standard,2025-02-04,186.55,overdue,
76,8,43,Premium,2024-08-20,27.46,overdue,
77,8,47,Custom,2025-01-07,108.26,overdue,
78,8,42,Enterprise,2024-06-18,257.22,overdue,
79,8,43,Basic,2025-02-17,252.03,overdue,
80,8,47,Premium,2024-06-18,285.81,failed,
81,8,46,Enterprise,2024-10-05,217.64,paid,2024-10-29
82,8,46,Enterprise,2024-11-25,392.71,failed,
83,8,42,Standard,2025-02-05,239.77,paid,2025-03-05
84,8,42,Standard,2024-11-09,483.99,pending,
85,8,42,Premium,2025-04-03,475.5,paid,2025-04-18
86,8,44,Premium,2025-03-29,149.22,failed,
87,8,46,Enterprise,2025-01-21,244.5,paid,2025-02-07
88,8,43,Standard,2024-07-13,328.08,pending,
89,9,48,Enterprise,2024-09-22,315.87,pending,
90,9,48,Enterprise,2024-09-28,236.0,pending,
91,9,48,Custom,2025-01-11,239.07,pending,
92,9,48,Enterprise,2025-03-31,467.54,overdue,
93,9,48,Enterprise,2024-04-25,198.5,overdue,
94,9,48,Enterprise,2024-12-22,288.57,failed,
95,10,50,Enterprise,2025-03-08,465.91,paid,2025-03-27
96,10,49,Custom,2024-10-13,285.8,failed,
97,10,49,Standard,2024-12-06,463.98,failed,
98,10,49,Premium,2024-10-21,400.52,pending,
99,10,50,Standard,2024-09-08,276.96,overdue,
100,10,49,Basic,2025-03-01,125.27,failed,
101,10,49,Premium,2024-06-06,443.01,overdue,
102,10,50,Enterprise,2025-01-08,429.32,paid,2025-02-07
103,10,50,Basic,2024-07-03,417.15,paid,2024-07-20
104,10,50,Standard,2025-03-19,276.04,pending,
105,10,49,Enterprise,2024-07-04,258.1,failed,
106,10,49,Basic,2024-10-29,382.44,pending,
107,10,49,Custom,2025-02-13,200.87,pending,
108,10,50,Standard,2024-05-11,215.16,paid,2024-06-10
109,10,50,Enterprise,2024-12-31,486.85,failed,
110,10,50,Enterprise,2024-11-28,475.94,paid,2024-12-07
111,10,49,Basic,2024-12-19,414.23,failed,
112,11,53,Custom,2024-06-10,495.72,pending,
113,11,51,Basic,2025-03-10,233.01,pending,
114,11,52,Enterprise,2024-08-04,451.51,pending,
115,11,54,Premium,2024-11-06,80.22,failed,
116,11,57,Premium,2024-09-23,295.36,overdue,
117,11,57,Enterprise,2024-05-04,440.32,failed,
118,11,52,Premium,2024-12-20,412.74,failed,
119,12,64,Basic,2024-07-26,449.32,failed,
120,12,59,Premium,2024-11-16,178.67,pending,
121,12,58,Standard,2024-09-19,435.73,paid,2024-10-05
122,12,62,Enterprise,2024-08-07,432.19,pending,
123,12,63,Custom,2024-06-14,383.05,paid,2024-07-05
124,12,58,Standard,2024-12-30,313.62,pending,
125,13,69,Enterprise,2024-12-07,384.4,pending,
126,13,69,Basic,2024-07-06,462.1,pending,
127,13,72,Custom,2024-11-21,154.73,failed,
128,13,66,Basic,2024-05-20,312.16,paid,2024-05-24
129,13,66,Custom,2024-06-03,57.88,paid,2024-06-05
130,13,67,Premium,2024-06-24,252.25,overdue,
131,13,67,Enterprise,2024-05-25,310.88,failed,
132,13,67,Basic,2024-11-19,296.85,failed,
133,13,72,Basic,2024-09-16,443.0,overdue,
134,13,66,Custom,2024-10-12,332.98,failed,
135,13,69,Enterprise,2024-08-16,472.95,paid,2024-09-06
136,13,71,Custom,2024-11-15,80.68,overdue,
137,13,71,Premium,2025-01-14,164.37,pending,
138,13,68,Standard,2024-07-24,383.54,paid,2024-08-21
139,13,66,Standard,2024-06-26,237.01,pending,
140,13,71,Enterprise,2024-06-19,356.87,paid,2024-06-27
141,13,67,Basic,2025-02-26,333.42,pending,
142,13,67,Enterprise,2024-05-08,396.18,pending,
143,13,68,Basic,2024-07-31,172.02,pending,
144,14,78,Enterprise,2024-08-23,380.13,pending,
145,14,75,Premium,2025-01-30,153.3,failed,
146,14,74,Custom,2025-03-03,28.76,overdue,
147,15,80,Enterprise,2024-11-15,348.21,overdue,
148,15,80,Standard,2025-02-10,441.41,overdue,
149,15,80,Enterprise,2024-12-28,255.82,paid,2025-01-15
150,15,80,Enterprise,2024-07-12,91.91,failed,
151,15,80,Enterprise,2024-08-21,357.93,overdue,
152,15,80,Standard,2024-05-14,413.49,pending,
153,15,80,Custom,2024-08-01,335.64,paid,2024-08-06
154,15,80,Standard,2025-02-13,45.99,pending,
155,16,81,Custom,2025-01-10,270.55,paid,2025-01-29
156,16,81,Premium,2025-04-02,142.03,failed,
157,16,81,Premium,2024-12-22,190.37,pending,
158,16,81,Premium,2024-09-12,291.23,overdue,
159,16,81,Enterprise,2024-09-15,330.27,paid,2024-10-10
160,16,81,Basic,2024-11-22,325.09,failed,
161,16,81,Enterprise,2025-03-04,185.15,paid,2025-03-11
162,17,89,Premium,2024-07-01,59.84,pending,
163,17,87,Custom,2024-06-05,72.51,paid,2024-06-11
164,17,89,Enterprise,2024-07-06,141.62,overdue,
165,18,95,Custom,2025-02-16,103.33,overdue,
166,18,93,Custom,2025-03-24,244.21,paid,2025-04-16
167,18,92,Premium,2025-02-13,358.9,failed,
168,18,97,Custom,2024-12-14,283.18,overdue,
169,18,90,Premium,2025-03-10,133.12,overdue,
170,18,97,Standard,2024-05-22,151.97,failed,
171,18,95,Standard,2025-03-05,64.91,pending,
172,18,96,Premium,2024-09-12,287.95,paid,2024-10-07
173,18,97,Enterprise,2024-04-18,115.81,overdue,
174,18,91,Enterprise,2024-08-17,466.83,paid,2024-09-07
175,18,91,Premium,2024-05-03,493.08,paid,2024-05-14
176,18,93,Basic,2024-06-23,214.37,overdue,
177,18,97,Custom,2025-03-07,363.06,pending,
178,18,95,Standard,2024-12-14,264.47,pending,
179,18,95,Custom,2024-08-25,54.92,overdue,
180,18,95,Basic,2025-01-20,315.47,paid,2025-01-28
181,18,95,Custom,2025-03-28,199.5,paid,2025-04-16
182,18,98,Basic,2025-03-12,137.87,failed,
183,19,100,Basic,2024-08-15,369.4,paid,2024-09-14
184,19,100,Basic,2025-03-29,44.24,overdue,
185,19,100,Premium,2024-05-14,209.6,overdue,
186,19,103,Basic,2024-09-09,268.96,overdue,
187,19,103,Basic,2024-09-15,271.02,overdue,
188,19,102,Basic,2024-04-23,98.41,failed,
189,19,100,Custom,2025-03-02,333.94,failed,
190,20,105,Standard,2024-11-25,48.13,overdue,
191,20,112,Standard,2024-09-10,215.65,failed,
192,20,105,Basic,2024-12-28,483.82,pending,
193,20,110,Standard,2025-01-18,68.21,overdue,
194,20,107,Basic,2025-01-25,62.63,paid,2025-01-27
195,20,109,Basic,2025-03-23,74.71,pending,
196,20,111,Enterprise,2025-01-14,491.68,pending,
197,20,111,Premium,2025-03-03,419.51,pending,
198,20,107,Premium,2024-10-29,219.97,paid,2024-11-26
199,20,110,Custom,2024-08-12,198.36,pending,
200,20,109,Basic,2024-11-06,240.15,pending,
201,20,111,Custom,2024-10-27,433.11,failed,
202,20,111,Enterprise,2025-02-02,295.37,paid,2025-02-09
203,20,108,Basic,2025-03-08,431.95,pending,
204,20,108,Standard,2024-10-10,409.88,failed,
205,20,106,Premium,2025-02-18,394.04,failed,
206,20,107,Basic,2024-10-08,330.26,paid,2024-11-01
207,21,113,Enterprise,2025-02-02,321.61,overdue,
208,21,113,Premium,2024-09-25,96.2,pending,
209,21,113,Standard,2024-06-19,339.79,overdue,
210,21,113,Basic,2024-04-23,293.3,paid,2024-04-27
211,21,113,Enterprise,2024-06-23,359.91,pending,
212,21,113,Enterprise,2024-12-15,364.23,paid,2025-01-12
213,21,113,Standard,2025-01-26,48.62,pending,
214,21,113,Basic,2024-11-11,309.97,overdue,
215,21,113,Premium,2024-11-12,305.12,paid,2024-12-06
216,21,113,Basic,2024-11-04,169.01,pending,
217,21,113,Standard,2024-10-12,92.64,paid,2024-10-29
218,21,113,Premium,2024-10-14,23.35,failed,
219,21,113,Basic,2024-07-14,227.78,overdue,
220,21,113,Custom,2024-05-25,305.74,overdue,
221,21,113,Enterprise,2024-11-08,494.65,paid,2024-11-29
222,22,115,Custom,2024-12-01,124.36,paid,2024-12-16
223,22,115,Basic,2025-04-05,330.95,paid,2025-04-18
224,22,115,Premium,2024-11-24,197.33,pending,
225,22,114,Custom,2024-07-25,183.68,paid,2024-08-04
226,22,114,Basic,2024-09-06,24.44,paid,2024-09-19
227,22,115,Basic,2024-05-21,392.69,failed,
228,22,114,Basic,2024-12-26,380.63,overdue,
229,22,114,Enterprise,2025-02-08,137.57,paid,2025-03-10
230,22,115,Standard,2025-03-04,348.55,failed,
231,22,114,Standard,2024-09-04,74.66,pending,
232,22,114,Basic,2024-12-24,174.32,pending,
233,22,115,Enterprise,2024-07-09,189.79,failed,
234,23,116,Standard,2025-02-16,336.59,failed,
235,23,116,Custom,2024-08-09,257.77,failed,
236,23,116,Standard,2025-03-04,332.92,failed,
237,23,116,Enterprise,2025-01-09,30.08,paid,2025-02-07
238,24,117,Custom,2024-11-12,458.36,paid,2024-11-27
239,24,117,Enterprise,2024-10-02,107.42,paid,2024-10-03
240,24,119,Basic,2024-06-29,294.49,paid,2024-07-24
241,25,131,Custom,2024-12-04,445.45,overdue,
242,25,127,Premium,2024-05-26,331.24,paid,2024-05-30
243,25,132,Enterprise,2024-08-20,196.74,overdue,
244,25,131,Enterprise,2024-06-30,180.24,failed,
245,25,132,Basic,2024-12-28,324.2,overdue,
246,25,124,Premium,2025-03-31,174.39,overdue,
247,25,129,Custom,2024-04-14,463.46,pending,
248,25,131,Basic,2024-10-02,224.59,overdue,
249,25,131,Basic,2024-08-30,457.95,paid,2024-09-07
250,25,128,Standard,2024-11-11,103.55,failed,
251,25,128,Custom,2024-04-22,169.9,paid,2024-05-16
252,26,134,Custom,2025-03-31,198.23,paid,2025-04-06
253,26,139,Basic,2025-01-01,262.1,failed,
254,26,134,Enterprise,2024-12-18,365.64,overdue,
255,26,135,Basic,2024-12-28,452.74,overdue,
256,26,139,Enterprise,2024-07-06,262.36,failed,
257,26,136,Standard,2024-09-14,232.38,paid,2024-09-17
258,27,143,Custom,2024-09-20,46.44,failed,
259,27,141,Basic,2024-10-22,155.73,pending,
260,27,141,Basic,2024-10-19,257.01,paid,2024-10-24
261,27,143,Custom,2025-03-05,372.31,failed,
262,27,143,Enterprise,2024-10-31,63.38,overdue,
263,27,145,Enterprise,2024-04-26,237.67,paid,2024-05-03
264,27,144,Custom,2024-07-29,68.82,failed,
265,27,142,Basic,2024-12-13,302.11,failed,
266,27,146,Basic,2025-03-30,240.36,paid,2025-04-06
267,27,143,Basic,2025-03-29,401.0,failed,
268,27,141,Custom,2024-12-14,202.82,paid,2025-01-03
269,27,145,Basic,2024-12-25,225.87,overdue,
270,27,146,Basic,2024-08-07,44.78,pending,
271,27,140,Custom,2025-02-21,38.34,paid,2025-02-22
272,27,141,Custom,2025-01-09,342.29,paid,2025-02-03
273,27,145,Basic,2024-11-14,240.89,paid,2024-11-19
274,27,142,Premium,2024-05-01,236.71,paid,2024-05-11
275,28,147,Premium,2024-10-10,119.94,overdue,
276,28,149,Enterprise,2024-06-18,343.87,failed,
277,28,151,Enterprise,2024-11-03,442.37,failed,
278,28,150,Enterprise,2024-10-16,219.19,failed,
279,28,147,Enterprise,2024-07-13,340.73,paid,2024-07-25
280,28,151,Basic,2024-07-31,109.84,overdue,
281,28,149,Standard,2024-06-28,53.51,paid,2024-07-27
282,28,153,Enterprise,2024-09-23,380.89,pending,
283,28,148,Basic,2024-08-24,415.15,overdue,
284,28,150,Basic,2024-12-14,63.55,overdue,
285,28,152,Custom,2024-11-15,292.59,paid,2024-12-13
286,28,148,Enterprise,2024-06-01,196.3,paid,2024-06-30
287,28,154,Standard,2024-07-14,381.66,overdue,
288,28,150,Custom,2025-02-04,325.41,failed,
289,28,154,Basic,2025-03-01,215.35,overdue,
290,28,152,Standard,2024-12-21,330.74,pending,
291,29,159,Custom,2024-07-23,400.47,overdue,
292,29,159,Custom,2024-09-29,39.96,failed,
293,29,161,Enterprise,2024-06-25,76.59,paid,2024-07-11
294,29,163,Premium,2024-10-30,313.18,failed,
295,29,164,Basic,2024-04-18,372.76,failed,
296,29,156,Custom,2024-08-31,495.71,overdue,
297,29,163,Custom,2025-02-13,134.23,failed,
298,29,155,Premium,2025-03-22,365.95,overdue,
299,29,164,Basic,2024-10-21,405.2,paid,2024-10-27
300,29,157,Custom,2024-11-18,415.69,paid,2024-11-20
301,29,161,Premium,2025-01-14,60.88,overdue,
302,29,160,Basic,2025-02-14,147.83,failed,
303,29,159,Basic,2025-04-10,415.38,overdue,
304,29,162,Enterprise,2024-08-31,410.89,overdue,
305,29,160,Premium,2025-03-15,249.19,paid,2025-03-22
306,29,156,Basic,2024-12-26,64.18,failed,
307,29,156,Basic,2024-07-09,157.8,failed,
308,29,158,Basic,2024-12-03,28.06,overdue,
309,30,167,Enterprise,2025-01-27,407.57,pending,
310,30,165,Basic,2025-03-11,140.95,failed,
311,31,168,Premium,2024-12-02,167.83,pending,
312,31,172,Enterprise,2025-03-20,170.08,paid,2025-04-05
313,31,173,Basic,2025-04-11,274.91,overdue,
314,32,179,Standard,2025-03-30,322.62,failed,
315,32,178,Custom,2024-07-29,269.98,failed,
316,32,178,Premium,2024-09-07,290.06,pending,
317,32,179,Custom,2024-12-13,104.85,overdue,
318,32,178,Custom,2024-08-27,138.98,failed,
319,32,175,Enterprise,2025-03-18,319.1,paid,2025-03-29
320,33,181,Premium,2024-04-28,181.17,paid,2024-05-20
321,33,181,Standard,2024-09-26,233.58,overdue,
322,33,180,Custom,2025-03-02,34.88,overdue,
323,33,180,Custom,2025-04-11,438.83,pending,
324,33,181,Enterprise,2025-02-18,90.15,paid,2025-03-08
325,33,180,Premium,2024-08-21,192.81,pending,
326,33,180,Custom,2024-12-04,280.02,overdue,
327,33,181,Enterprise,2024-07-17,264.25,overdue,
328,33,180,Custom,2025-04-10,299.92,pending,
329,33,180,Standard,2024-12-08,204.8,failed,
330,33,180,Premium,2025-03-09,142.17,paid,2025-04-04
331,33,180,Basic,2024-05-03,485.35,failed,
332,33,180,Premium,2024-06-25,269.17,overdue,
333,33,181,Standard,2025-02-01,401.94,overdue,
334,33,180,Premium,2025-01-13,94.61,paid,2025-02-07
335,33,180,Enterprise,2024-09-24,157.66,pending,
336,33,180,Standard,2024-05-10,179.77,pending,
337,33,181,Basic,2024-05-16,268.56,failed,
338,33,180,Basic,2024-08-08,250.65,failed,
339,33,180,Premium,2024-11-19,201.35,pending,
340,34,186,Basic,2025-04-05,494.94,failed,
341,34,189,Standard,2024-06-06,412.39,paid,2024-06-23
342,34,183,Basic,2024-07-10,482.55,failed,
343,34,187,Basic,2024-05-12,444.38,overdue,
344,34,182,Premium,2024-10-19,428.28,pending,
345,34,189,Standard,2024-12-15,279.78,failed,
346,34,184,Standard,2024-08-27,23.46,paid,2024-09-20
347,34,184,Custom,2025-03-19,184.54,failed,
348,34,185,Premium,2024-07-14,190.28,failed,
349,34,182,Basic,2024-06-20,120.2,overdue,
350,34,184,Basic,2025-01-01,186.9,paid,2025-01-22
351,34,186,Enterprise,2025-02-08,394.86,failed,
352,34,185,Premium,2024-06-14,78.07,overdue,
353,35,194,Enterprise,2024-10-20,254.57,pending,
354,35,195,Basic,2025-03-03,406.18,pending,
355,35,195,Standard,2025-04-07,94.79,paid,2025-04-30
356,35,195,Standard,2024-05-20,217.39,paid,2024-06-06
357,35,195,Premium,2024-10-02,88.55,paid,2024-10-18
358,35,191,Enterprise,2024-09-16,135.03,overdue,
359,35,193,Premium,2024-10-30,409.42,overdue,
360,35,193,Custom,2024-05-28,320.04,pending,
361,35,193,Basic,2024-10-06,294.85,pending,
362,35,195,Standard,2024-09-03,84.52,pending,
363,35,191,Standard,2025-03-03,455.6,overdue,
364,35,191,Standard,2024-07-19,366.93,overdue,
365,35,194,Enterprise,2024-10-02,499.32,failed,
366,35,193,Premium,2024-08-07,317.13,pending,
367,35,193,Standard,2024-11-24,140.79,paid,2024-11-28
368,36,198,Custom,2024-12-02,114.42,pending,
369,36,196,Standard,2024-12-05,435.23,overdue,
370,36,198,Enterprise,2024-09-08,53.26,paid,2024-09-19
371,36,196,Custom,2025-03-23,199.7,pending,
372,36,197,Enterprise,2024-05-25,110.31,pending,
373,36,197,Basic,2024-12-07,58.39,pending,
374,36,196,Premium,2024-08-16,222.46,paid,2024-08-22
375,36,198,Standard,2024-06-05,467.85,failed,
376,36,196,Premium,2025-03-06,43.26,paid,2025-03-25
377,36,196,Custom,2024-09-17,355.91,overdue,
378,36,198,Standard,2024-06-11,367.85,pending,
379,36,197,Enterprise,2024-05-26,115.57,failed,
380,37,202,Basic,2025-03-21,444.37,pending,
381,37,202,Premium,2025-04-11,104.97,failed,
382,37,204,Standard,2025-02-21,99.41,pending,
383,37,201,Basic,2024-12-02,349.65,paid,2024-12-08
384,37,200,Premium,2025-02-27,127.87,overdue,
385,37,202,Enterprise,2024-06-15,50.53,paid,2024-06-26
386,37,203,Custom,2024-11-06,30.42,overdue,
387,37,204,Enterprise,2024-12-03,284.25,pending,
388,37,200,Custom,2024-09-25,246.01,overdue,
389,37,203,Standard,2024-07-31,468.81,overdue,
390,37,204,Custom,2025-03-08,436.17,overdue,
391,37,204,Enterprise,2024-08-22,420.21,paid,2024-09-09
392,37,200,Basic,2024-06-20,32.1,overdue,
393,37,203,Custom,2025-03-23,327.6,paid,2025-04-14
394,37,201,Standard,2025-03-05,37.15,overdue,
395,37,202,Enterprise,2025-02-20,223.91,paid,2025-03-15
396,37,204,Enterprise,2024-05-20,303.64,pending,
397,37,199,Enterprise,2025-01-17,92.22,pending,
398,38,208,Basic,2024-09-28,185.49,failed,
399,38,209,Premium,2024-04-25,262.68,overdue,
400,38,210,Standard,2024-10-13,167.44,overdue,
401,38,209,Premium,2025-01-22,218.44,paid,2025-01-25
402,38,208,Standard,2024-11-17,175.7,overdue,
403,38,210,Custom,2025-02-21,46.99,overdue,
404,38,210,Enterprise,2025-01-12,33.9,overdue,
405,38,209,Custom,2024-06-04,264.51,failed,
406,38,210,Basic,2024-07-23,249.37,pending,
407,38,207,Basic,2024-08-22,470.93,pending,
408,38,205,Custom,2025-03-10,42.16,overdue,
409,38,209,Premium,2024-04-30,277.2,overdue,
410,38,210,Custom,2025-03-16,121.35,pending,
411,38,206,Custom,2024-09-21,405.84,failed,
412,38,210,Standard,2025-02-11,466.82,failed,
413,39,212,Enterprise,2024-10-16,320.66,failed,
414,39,212,Enterprise,2024-10-16,89.91,paid,2024-10-22
415,39,217,Basic,2025-01-29,323.0,overdue,
416,39,211,Custom,2024-05-25,498.56,pending,
417,39,217,Standard,2024-10-10,149.07,overdue,
418,39,215,Standard,2024-09-15,408.93,paid,2024-09-18
419,39,217,Basic,2024-05-29,402.18,failed,
420,39,219,Custom,2024-08-18,78.37,overdue,
421,39,218,Premium,2024-04-19,59.49,overdue,
422,39,211,Enterprise,2025-01-27,412.28,paid,2025-02-07
423,39,218,Premium,2024-07-04,117.85,paid,2024-07-17
424,39,214,Custom,2024-09-21,147.77,overdue,
425,40,221,Enterprise,2024-12-29,248.5,pending,
426,40,222,Standard,2024-05-29,416.41,overdue,
427,41,233,Custom,2024-10-03,248.79,paid,2024-10-21
428,41,229,Standard,2024-09-11,53.13,failed,
429,41,230,Enterprise,2024-12-04,90.72,overdue,
430,41,229,Basic,2025-02-12,306.49,pending,
431,41,229,Standard,2024-10-24,229.62,overdue,
432,41,229,Enterprise,2024-09-16,489.23,overdue,
433,41,230,Enterprise,2024-07-01,293.21,paid,2024-07-11
434,41,232,Premium,2024-10-15,498.23,paid,2024-11-03
435,41,231,Basic,2024-08-11,80.45,paid,2024-09-02
436,41,233,Premium,2024-08-31,77.04,paid,2024-09-15
437,41,233,Custom,2024-09-20,499.1,paid,2024-09-29
438,41,230,Enterprise,2025-04-06,466.81,paid,2025-04-30
439,41,231,Basic,2024-10-07,323.87,pending,
440,41,232,Basic,2024-04-26,142.88,pending,
441,41,230,Premium,2024-07-25,213.75,failed,
442,41,233,Premium,2025-02-10,82.99,failed,
443,42,240,Basic,2024-09-21,309.11,paid,2024-09-25
444,42,235,Premium,2024-07-20,280.79,paid,2024-08-05
445,42,237,Basic,2024-08-05,492.35,failed,
446,42,239,Premium,2024-09-23,359.72,paid,2024-10-18
447,42,235,Premium,2025-01-20,41.85,paid,2025-02-09
448,42,239,Custom,2024-04-17,43.58,failed,
449,42,236,Custom,2024-09-03,235.92,overdue,
450,42,236,Standard,2024-11-12,368.47,paid,2024-12-07
451,42,237,Basic,2025-03-31,116.7,overdue,
452,42,238,Premium,2024-06-07,83.54,failed,
453,42,236,Premium,2024-08-06,387.0,paid,2024-08-26
454,42,238,Premium,2024-12-01,320.26,overdue,
455,42,237,Enterprise,2025-04-09,124.67,pending,
456,42,237,Standard,2024-05-31,86.69,pending,
457,43,250,Enterprise,2024-09-23,48.79,pending,
458,43,249,Enterprise,2024-09-22,439.85,failed,
459,43,250,Standard,2024-06-27,396.02,overdue,
460,43,241,Standard,2025-01-25,312.59,overdue,
461,43,244,Premium,2024-12-15,258.79,overdue,
462,43,241,Basic,2025-03-22,395.64,overdue,
463,43,244,Premium,2024-07-07,62.57,pending,
464,43,246,Standard,2024-09-14,169.18,overdue,
465,43,245,Enterprise,2024-05-05,483.32,pending,
466,43,246,Standard,2025-03-24,294.65,pending,
467,43,247,Premium,2024-07-30,480.16,paid,2024-08-21
468,43,245,Standard,2024-08-13,448.83,overdue,
469,43,241,Enterprise,2025-01-17,45.08,overdue,
470,43,247,Premium,2024-10-14,237.38,failed,
471,44,252,Custom,2025-04-11,313.81,paid,2025-04-30
472,44,256,Premium,2024-07-22,225.56,paid,2024-07-31
473,44,258,Enterprise,2025-02-08,157.77,pending,
474,44,255,Premium,2024-04-21,90.43,pending,
475,44,257,Enterprise,2024-09-12,497.09,failed,
476,44,254,Custom,2024-09-23,363.18,overdue,
477,44,254,Premium,2025-03-11,392.7,paid,2025-03-28
478,44,252,Premium,2024-05-28,487.8,failed,
479,44,257,Standard,2024-09-10,176.33,overdue,
480,44,254,Basic,2024-10-09,368.94,overdue,
481,44,251,Enterprise,2024-12-18,368.7,failed,
482,44,252,Custom,2024-12-17,237.82,overdue,
483,44,251,Enterprise,2024-09-14,105.13,pending,
484,44,258,Standard,2024-10-18,41.07,overdue,
485,44,255,Custom,2024-10-24,128.0,overdue,
486,45,262,Premium,2024-11-04,183.92,pending,
487,45,263,Basic,2025-03-15,334.44,overdue,
488,45,261,Premium,2024-11-07,406.44,pending,
489,45,262,Custom,2025-03-09,361.07,pending,
490,45,266,Custom,2024-10-08,305.42,overdue,
491,45,265,Basic,2025-01-04,481.88,failed,
492,45,265,Premium,2024-05-08,473.75,overdue,
493,45,266,Enterprise,2024-12-14,329.54,pending,
494,45,265,Basic,2024-08-10,95.69,overdue,
495,45,265,Enterprise,2024-08-02,45.22,pending,
496,45,267,Basic,2024-07-30,161.27,pending,
497,45,259,Premium,2024-07-21,163.0,paid,2024-08-17
498,45,260,Basic,2025-02-05,405.82,paid,2025-03-02
499,45,265,Custom,2024-09-15,376.93,failed,
500,45,262,Custom,2024-12-28,43.21,overdue,
501,46,273,Custom,2024-05-15,396.98,overdue,
502,46,272,Standard,2024-07-19,295.45,failed,
503,46,275,Custom,2025-02-21,398.51,paid,2025-03-20
504,46,268,Enterprise,2024-06-07,222.35,failed,
505,46,274,Standard,2025-03-07,151.12,pending,
506,46,271,Basic,2025-01-08,97.21,overdue,
507,46,269,Standard,2025-02-04,176.33,failed,
508,46,276,Custom,2024-12-04,363.91,paid,2024-12-23
509,46,269,Enterprise,2024-09-20,355.04,failed,
510,46,268,Standard,2024-08-11,208.64,paid,2024-08-30
511,46,273,Standard,2024-12-02,231.04,paid,2024-12-06
512,46,275,Standard,2024-06-04,413.71,overdue,
513,46,270,Enterprise,2025-02-22,40.83,overdue,
514,46,271,Premium,2024-09-19,455.62,paid,2024-10-05
515,46,273,Premium,2024-09-11,424.53,failed,
516,46,270,Standard,2024-06-06,345.96,paid,2024-06-21
517,46,272,Basic,2024-09-11,225.45,overdue,
518,46,276,Custom,2024-06-17,411.88,overdue,
519,46,271,Basic,2025-02-22,76.02,overdue,
520,47,284,Enterprise,2024-07-13,25.28,overdue,
521,48,294,Standard,2024-11-11,373.22,pending,
522,48,293,Standard,2024-10-07,74.29,paid,2024-10-26
523,48,292,Enterprise,2024-05-03,251.52,overdue,
524,48,290,Enterprise,2024-04-17,484.56,failed,
525,48,295,Basic,2024-11-08,328.71,pending,
526,48,292,Enterprise,2024-09-07,425.79,overdue,
527,48,293,Custom,2024-06-07,245.44,overdue,
528,48,292,Basic,2024-06-02,82.64,paid,2024-07-02
529,48,295,Standard,2025-04-10,192.59,pending,
530,48,288,Standard,2024-11-21,245.16,paid,2024-11-22
531,48,293,Enterprise,2024-06-08,268.68,paid,2024-07-08
532,48,295,Standard,2024-06-12,316.83,overdue,
533,48,293,Basic,2025-01-27,438.36,paid,2025-02-12
534,48,289,Premium,2024-11-18,357.05,pending,
535,48,289,Basic,2025-03-29,160.22,overdue,
536,48,289,Custom,2024-09-25,453.57,overdue,
537,48,292,Basic,2024-11-06,308.58,overdue,
538,49,300,Standard,2024-05-16,223.81,failed,
539,49,299,Enterprise,2024-09-03,47.89,paid,2024-09-13
540,49,298,Premium,2024-06-02,315.82,pending,
541,49,297,Custom,2024-04-21,166.75,overdue,
542,49,299,Custom,2024-04-17,486.71,failed,
543,49,301,Basic,2024-09-21,70.51,paid,2024-10-10
544,49,302,Standard,2024-07-20,159.18,paid,2024-08-14
545,49,301,Basic,2024-12-08,336.24,overdue,
546,49,300,Premium,2024-06-12,435.42,pending,
547,49,302,Basic,2024-10-11,311.69,overdue,
548,49,297,Basic,2024-07-17,278.05,pending,
549,49,299,Standard,2024-10-15,119.55,pending,
550,49,300,Premium,2024-09-14,261.14,failed,
551,49,297,Basic,2024-04-25,42.76,paid,2024-05-08
552,49,300,Custom,2024-12-15,489.8,paid,2025-01-08
553,49,301,Enterprise,2024-06-29,455.37,paid,2024-07-16
554,49,297,Custom,2024-08-23,449.29,pending,
555,49,298,Custom,2025-03-28,95.45,overdue,
556,49,301,Custom,2025-04-07,482.78,pending,
557,50,307,Custom,2024-10-11,425.58,pending,
558,50,309,Enterprise,2024-04-18,23.15,overdue,
559,50,310,Premium,2024-08-03,322.69,paid,2024-08-21
560,50,306,Enterprise,2024-10-15,424.22,failed,
561,50,304,Custom,2024-09-23,53.62,overdue,
562,50,305,Standard,2025-03-19,275.33,overdue,
563,50,308,Enterprise,2024-12-02,366.62,paid,2024-12-08
564,50,307,Premium,2024-11-14,313.59,overdue,
565,50,310,Custom,2024-04-24,264.82,pending,
566,50,306,Enterprise,2024-07-10,31.82,failed,
567,50,303,Standard,2025-03-01,174.62,overdue,
568,50,304,Custom,2024-04-22,333.2,pending,
569,50,306,Premium,2025-04-04,179.46,paid,2025-05-01
570,50,309,Enterprise,2024-11-12,163.95,paid,2024-11-21
571,50,310,Enterprise,2025-01-17,144.97,overdue,
572,51,320,Standard,2024-09-22,258.7,paid,2024-10-01
573,51,311,Custom,2024-09-04,441.03,overdue,
574,51,318,Standard,2025-03-08,147.25,pending,
575,51,314,Enterprise,2024-12-25,448.62,failed,
576,51,313,Custom,2024-09-20,190.79,pending,
577,51,312,Basic,2024-11-15,422.32,failed,
578,51,313,Basic,2025-02-26,308.4,pending,
579,51,319,Standard,2024-05-07,404.18,failed,
580,51,320,Standard,2024-12-12,285.77,paid,2024-12-29
581,51,311,Premium,2024-07-09,317.55,paid,2024-07-12
582,51,319,Basic,2025-01-23,206.04,paid,2025-02-12
583,51,319,Enterprise,2024-06-29,400.69,pending,
584,52,325,Basic,2024-06-13,204.52,failed,
585,52,326,Premium,2024-08-03,267.29,overdue,
586,52,323,Enterprise,2024-09-17,96.18,overdue,
587,52,324,Custom,2024-07-12,336.15,failed,
588,52,329,Custom,2024-10-06,400.96,overdue,
589,52,328,Enterprise,2024-07-09,109.31,paid,2024-07-18
590,52,328,Enterprise,2024-05-29,266.89,pending,
591,52,322,Custom,2024-10-09,439.29,failed,
592,52,324,Basic,2024-11-28,412.01,overdue,
593,52,327,Premium,2024-08-30,466.69,failed,
594,52,327,Premium,2024-06-23,277.66,pending,
595,52,322,Premium,2025-01-19,157.71,failed,
596,52,326,Premium,2025-01-28,208.57,failed,
597,52,325,Premium,2024-08-31,355.76,overdue,
598,53,330,Standard,2025-02-09,435.71,pending,
599,53,332,Premium,2024-11-20,426.28,pending,
600,53,331,Enterprise,2024-09-07,177.55,overdue,
601,53,330,Basic,2024-06-01,242.93,pending,
602,53,331,Standard,2025-03-24,21.34,paid,2025-04-03
603,53,331,Custom,2024-04-16,335.81,failed,
604,53,333,Custom,2025-01-01,111.3,overdue,
605,53,332,Premium,2025-03-31,240.96,overdue,
606,53,330,Standard,2024-10-23,198.46,overdue,
607,53,333,Premium,2025-03-16,206.78,pending,
608,53,330,Premium,2024-09-26,176.15,failed,
609,53,332,Enterprise,2024-07-19,439.33,paid,2024-07-21
610,53,330,Basic,2024-05-01,117.14,paid,2024-05-27
611,53,333,Basic,2024-11-27,492.91,failed,
612,53,333,Standard,2024-08-18,308.27,paid,2024-09-14
613,53,333,Custom,2025-03-29,374.71,paid,2025-04-20
614,54,338,Standard,2024-11-04,118.53,pending,
615,54,337,Custom,2024-05-02,168.57,pending,
616,54,340,Enterprise,2024-07-07,196.22,pending,
617,54,342,Basic,2024-10-13,351.33,failed,
618,54,338,Custom,2024-05-15,230.69,overdue,
619,54,338,Custom,2024-11-30,103.97,paid,2024-12-14
620,54,342,Standard,2024-09-15,58.18,failed,
621,54,341,Basic,2025-03-13,398.43,failed,
622,54,334,Enterprise,2024-11-15,398.24,overdue,
623,54,342,Basic,2024-08-20,414.03,overdue,
624,54,340,Enterprise,2025-02-25,378.7,overdue,
625,54,341,Basic,2024-06-21,107.47,pending,
626,54,342,Custom,2024-12-20,38.51,pending,
627,54,336,Standard,2024-12-06,196.52,overdue,
628,54,337,Standard,2024-08-20,232.62,pending,
629,54,337,Standard,2024-08-29,171.95,pending,
630,54,337,Premium,2025-01-25,425.16,overdue,
631,55,345,Enterprise,2024-07-21,302.63,failed,
632,55,345,Basic,2024-10-15,415.78,failed,
633,55,343,Basic,2024-08-05,425.6,pending,
634,56,348,Premium,2025-03-24,492.93,failed,
635,56,347,Custom,2025-01-01,170.9,pending,
636,56,349,Premium,2025-01-02,82.12,overdue,
637,56,349,Basic,2024-11-27,397.7,pending,
638,56,348,Standard,2024-11-19,300.33,overdue,
639,56,348,Premium,2024-06-26,274.36,failed,
640,56,349,Basic,2024-11-16,325.63,pending,
641,56,349,Premium,2024-12-30,261.32,failed,
642,56,346,Premium,2024-09-01,339.45,paid,2024-09-11
643,57,352,Enterprise,2025-04-10,24.09,pending,
644,57,353,Premium,2024-08-12,139.21,failed,
645,58,361,Standard,2024-07-30,80.2,failed,
646,58,364,Standard,2024-11-22,124.96,overdue,
647,58,365,Premium,2025-02-27,45.85,overdue,
648,59,367,Custom,2024-12-01,23.86,pending,
649,59,374,Standard,2024-07-22,150.41,paid,2024-08-08
650,59,369,Custom,2025-01-07,174.6,failed,
651,59,375,Enterprise,2025-02-18,36.13,failed,
652,59,371,Premium,2024-08-15,472.48,pending,
653,59,374,Custom,2024-05-16,215.34,overdue,
654,59,373,Standard,2025-01-09,381.59,paid,2025-02-05
655,59,367,Standard,2025-04-07,355.12,paid,2025-05-02
656,59,375,Basic,2024-11-09,271.59,overdue,
657,59,372,Custom,2024-11-24,475.36,pending,
658,59,371,Enterprise,2024-12-15,151.55,pending,
659,59,373,Standard,2024-10-17,174.85,overdue,
660,59,374,Basic,2024-12-09,460.61,failed,
661,59,372,Standard,2024-06-11,175.84,pending,
662,59,372,Premium,2025-01-30,242.02,pending,
663,60,376,Custom,2024-12-25,73.65,failed,
664,60,376,Premium,2024-07-18,95.19,paid,2024-08-09
665,61,382,Premium,2024-08-02,34.87,failed,
666,61,379,Basic,2024-12-20,131.51,overdue,
667,61,381,Enterprise,2024-04-18,169.62,failed,
668,61,380,Standard,2025-02-21,460.48,failed,
669,61,383,Basic,2024-06-29,355.33,pending,
670,61,378,Premium,2024-08-12,117.78,overdue,
671,61,377,Enterprise,2025-01-20,41.27,paid,2025-02-01
672,61,383,Enterprise,2025-03-12,72.54,pending,
673,61,381,Custom,2024-04-26,197.78,pending,
674,61,382,Enterprise,2024-05-09,175.41,paid,2024-06-08
675,61,384,Premium,2024-05-06,233.95,pending,
676,61,384,Premium,2024-07-02,229.01,paid,2024-07-09
677,61,381,Enterprise,2024-10-21,215.13,paid,2024-11-17
678,61,380,Enterprise,2025-03-09,227.53,failed,
679,61,383,Enterprise,2024-12-07,195.58,paid,2024-12-11
680,61,377,Standard,2025-01-02,41.62,overdue,
681,61,379,Standard,2025-04-02,169.9,paid,2025-04-10
682,62,385,Standard,2025-01-25,398.53,failed,
683,62,385,Basic,2024-08-08,455.88,paid,2024-08-11
684,62,385,Standard,2024-06-04,472.3,pending,
685,62,385,Enterprise,2025-01-23,313.55,paid,2025-02-17
686,62,385,Enterprise,2024-11-16,90.73,failed,
687,62,385,Premium,2025-02-11,208.12,paid,2025-02-12
688,62,385,Custom,2025-01-24,336.44,overdue,
689,63,386,Enterprise,2024-06-04,443.25,failed,
690,63,387,Enterprise,2024-09-10,125.16,failed,
691,63,388,Standard,2024-11-09,415.21,overdue,
692,63,386,Basic,2024-07-21,434.55,paid,2024-08-10
693,64,391,Premium,2024-06-25,93.01,failed,
694,64,391,Custom,2024-10-04,325.09,overdue,
695,64,391,Standard,2025-03-27,404.07,paid,2025-03-31
696,64,391,Basic,2024-07-14,312.4,pending,
697,64,391,Custom,2025-01-13,141.88,pending,
698,64,391,Custom,2025-03-11,322.49,paid,2025-04-04
699,64,391,Standard,2024-04-26,260.28,pending,
700,65,400,Enterprise,2024-12-13,227.26,overdue,
701,66,407,Custom,2024-07-17,470.85,pending,
702,66,409,Premium,2024-08-31,420.91,paid,2024-09-04
703,66,409,Premium,2024-05-26,105.79,overdue,
704,67,417,Enterprise,2024-11-26,292.78,pending,
705,67,410,Standard,2024-11-09,277.45,overdue,
706,67,416,Custom,2025-03-27,24.61,overdue,
707,67,414,Premium,2024-09-26,103.71,paid,2024-10-01
708,67,412,Premium,2025-03-20,433.24,pending,
709,67,410,Enterprise,2024-07-16,361.4,paid,2024-07-29
710,68,423,Enterprise,2024-11-05,182.35,overdue,
711,68,421,Premium,2024-11-10,78.42,paid,2024-11-19
712,68,420,Standard,2024-08-06,109.79,failed,
713,68,426,Standard,2024-07-10,473.54,failed,
714,68,420,Basic,2024-10-26,365.67,pending,
715,68,420,Premium,2025-01-02,413.4,pending,
716,68,423,Premium,2025-02-08,161.89,pending,
717,68,427,Custom,2024-11-18,35.08,paid,2024-12-11
718,68,424,Custom,2024-07-17,300.27,failed,
719,68,422,Basic,2024-10-06,95.86,overdue,
720,68,426,Enterprise,2024-09-19,162.64,overdue,
721,69,430,Basic,2024-10-29,255.13,failed,
722,69,430,Custom,2024-06-30,387.25,overdue,
723,69,437,Custom,2024-05-07,465.12,pending,
724,69,435,Basic,2024-10-09,181.16,overdue,
725,69,433,Custom,2025-04-08,474.01,paid,2025-05-08
726,69,434,Basic,2025-03-09,91.56,paid,2025-03-31
727,69,435,Premium,2024-12-10,80.69,pending,
728,69,428,Enterprise,2024-07-07,102.07,pending,
729,69,434,Custom,2024-05-08,211.62,overdue,
730,69,433,Standard,2024-09-25,374.38,failed,
731,69,428,Premium,2024-05-20,35.64,paid,2024-06-06
732,69,433,Basic,2024-08-27,476.33,overdue,
733,69,430,Custom,2024-07-06,140.7,overdue,
734,69,436,Premium,2024-08-13,439.91,overdue,
735,69,428,Standard,2024-11-25,175.35,paid,2024-11-29
736,69,432,Custom,2025-04-01,135.72,overdue,
737,69,429,Basic,2024-11-26,374.09,failed,
738,69,429,Custom,2025-01-14,287.61,failed,
739,69,436,Enterprise,2024-04-13,392.73,overdue,
740,69,435,Basic,2024-09-04,230.5,pending,
741,70,443,Enterprise,2024-04-28,239.26,failed,
742,70,443,Standard,2024-09-07,408.2,failed,
743,70,443,Enterprise,2024-11-01,321.78,failed,
744,70,438,Basic,2025-01-13,213.84,failed,
745,70,443,Custom,2025-02-27,275.44,overdue,
746,70,439,Enterprise,2025-04-03,230.44,overdue,
747,70,440,Standard,2025-02-03,336.84,overdue,
748,70,438,Enterprise,2024-07-14,417.47,paid,2024-07-27
749,70,439,Basic,2025-03-29,154.41,failed,
750,70,440,Enterprise,2024-04-30,108.79,paid,2024-05-16
751,70,443,Premium,2024-04-12,77.13,overdue,
752,70,442,Enterprise,2024-09-27,490.65,overdue,
753,70,439,Basic,2025-02-12,430.12,pending,
754,70,441,Enterprise,2024-06-03,449.48,failed,
755,70,445,Custom,2025-02-26,481.82,overdue,
756,70,439,Premium,2024-07-07,159.51,pending,
757,70,440,Standard,2024-06-19,489.63,overdue,
758,70,440,Enterprise,2024-10-19,448.93,pending,
759,71,447,Custom,2024-08-16,90.61,failed,
760,71,446,Standard,2024-07-31,203.43,failed,
761,71,447,Basic,2025-03-19,87.4,pending,
762,71,447,Custom,2025-01-15,70.84,pending,
763,71,447,Standard,2024-12-06,128.06,paid,2024-12-19
764,71,446,Premium,2024-06-13,484.64,pending,
765,72,450,Custom,2024-05-31,170.81,failed,
766,72,449,Premium,2025-02-05,425.43,paid,2025-02-18
767,72,453,Standard,2025-03-17,39.95,failed,
768,72,453,Custom,2024-09-18,100.67,paid,2024-09-24
769,73,455,Standard,2025-01-26,243.02,failed,
770,73,457,Premium,2024-12-30,296.62,failed,
771,73,455,Standard,2024-12-27,174.74,paid,2025-01-06
772,73,460,Basic,2025-03-17,488.35,pending,
773,73,458,Standard,2024-12-18,290.95,paid,2025-01-15
774,73,456,Standard,2024-11-07,214.97,failed,
775,73,457,Custom,2025-01-11,416.54,overdue,
776,74,461,Premium,2024-11-25,233.83,overdue,
777,74,461,Enterprise,2024-10-13,116.81,failed,
778,74,461,Standard,2024-12-30,113.58,overdue,
779,74,461,Custom,2024-11-03,310.94,overdue,
780,74,461,Basic,2024-11-27,487.24,paid,2024-12-23
781,74,461,Custom,2024-04-16,363.51,failed,
782,74,461,Custom,2024-10-15,303.23,paid,2024-11-06
783,74,461,Enterprise,2024-05-12,314.35,pending,
784,74,461,Custom,2025-03-29,314.56,overdue,
785,74,461,Enterprise,2024-06-01,283.0,overdue,
786,74,461,Standard,2024-06-28,363.89,paid,2024-07-14
787,74,461,Custom,2025-03-31,330.99,pending,
788,74,461,Custom,2024-08-16,27.5,failed,
789,74,461,Enterprise,2025-01-01,37.79,pending,
790,74,461,Standard,2025-02-16,365.17,pending,
791,74,461,Standard,2024-11-19,251.96,overdue,
792,75,464,Basic,2024-10-03,233.6,failed,
793,75,463,Basic,2024-11-02,190.07,failed,
794,75,464,Premium,2024-08-27,485.34,paid,2024-09-21
795,75,464,Custom,2024-10-09,131.93,paid,2024-10-15
796,75,466,Standard,2024-06-18,181.89,failed,
797,75,467,Premium,2024-07-06,132.37,failed,
798,75,465,Premium,2024-04-24,209.71,failed,
799,75,462,Custom,2024-07-07,193.71,failed,
800,75,467,Basic,2024-11-03,303.53,pending,
801,75,465,Custom,2025-03-29,470.59,failed,
802,75,466,Basic,2025-03-26,23.79,overdue,
803,75,465,Custom,2024-05-23,437.56,failed,
804,75,463,Premium,2024-06-18,321.74,paid,2024-07-17
805,75,466,Custom,2024-12-17,299.1,pending,
806,75,466,Enterprise,2024-10-19,96.33,pending,
807,76,471,Enterprise,2024-11-28,260.68,paid,2024-12-10
808,76,471,Premium,2024-12-12,84.58,paid,2024-12-17
809,76,470,Basic,2025-01-26,374.74,failed,
810,76,469,Basic,2024-09-11,180.69,failed,
811,76,468,Premium,2024-09-13,221.38,overdue,
812,76,471,Custom,2024-10-18,166.85,pending,
813,76,468,Basic,2024-07-10,75.85,paid,2024-07-18
814,76,471,Custom,2025-01-15,284.05,failed,
815,76,468,Premium,2025-04-02,285.6,paid,2025-04-16
816,76,468,Custom,2024-12-30,455.07,paid,2025-01-28
817,76,468,Standard,2024-12-23,362.87,pending,
818,76,471,Standard,2024-05-13,111.31,overdue,
819,76,470,Enterprise,2024-12-21,71.68,overdue,
820,76,471,Premium,2024-11-29,254.14,failed,
821,76,468,Basic,2024-06-14,148.54,overdue,
822,76,470,Standard,2024-09-07,142.81,paid,2024-09-29
823,76,468,Basic,2025-02-02,150.62,failed,
824,76,468,Custom,2025-01-13,78.84,pending,
825,77,474,Custom,2025-02-13,386.73,pending,
826,77,480,Standard,2024-12-18,434.01,overdue,
827,77,478,Enterprise,2025-01-12,280.73,paid,2025-01-13
828,77,476,Premium,2025-02-27,419.23,failed,
829,77,478,Standard,2024-09-28,282.55,overdue,
830,77,472,Enterprise,2024-11-21,206.83,failed,
831,77,473,Enterprise,2025-01-07,409.85,pending,
832,77,473,Custom,2025-01-24,241.68,failed,
833,77,474,Enterprise,2025-01-10,234.08,paid,2025-01-29
834,77,478,Standard,2024-10-16,253.64,overdue,
835,77,475,Basic,2024-04-16,381.82,failed,
836,77,479,Enterprise,2024-09-06,191.59,overdue,
837,77,472,Premium,2025-03-02,83.87,pending,
838,77,480,Basic,2024-05-31,207.92,paid,2024-06-18
839,77,474,Basic,2024-11-17,421.82,paid,2024-11-24
840,77,474,Standard,2024-08-26,135.1,failed,
841,77,474,Custom,2024-09-10,191.76,overdue,
842,77,472,Premium,2024-11-03,202.02,paid,2024-11-27
843,78,481,Standard,2024-06-03,418.02,paid,2024-06-12
844,78,483,Custom,2025-04-04,189.38,paid,2025-04-23
845,79,489,Premium,2024-08-09,368.62,pending,
846,79,489,Enterprise,2025-01-05,474.82,overdue,
847,79,487,Premium,2024-08-12,215.11,paid,2024-09-08
848,79,486,Basic,2024-07-16,325.66,overdue,
849,79,486,Enterprise,2024-05-10,351.69,pending,
850,79,485,Enterprise,2025-03-28,226.75,overdue,
851,79,485,Basic,2025-03-25,180.72,overdue,
852,79,484,Custom,2025-01-18,99.57,overdue,
853,79,486,Basic,2024-08-22,49.67,pending,
854,79,489,Enterprise,2024-08-10,460.91,paid,2024-08-20
855,80,490,Custom,2024-09-01,401.15,failed,
856,80,490,Basic,2024-12-16,91.63,overdue,
857,80,490,Enterprise,2024-10-12,392.19,pending,
858,81,491,Enterprise,2024-06-01,207.41,overdue,
859,81,491,Custom,2024-04-22,488.24,overdue,
860,81,491,Custom,2024-11-27,272.93,paid,2024-12-04
861,81,491,Enterprise,2025-01-30,467.71,paid,2025-02-26
862,81,491,Custom,2024-07-18,57.84,failed,
863,81,491,Basic,2025-02-22,88.96,overdue,
864,81,491,Basic,2024-05-01,326.61,failed,
865,81,491,Enterprise,2024-09-27,193.06,failed,
866,81,491,Premium,2024-11-28,73.55,overdue,
867,81,491,Custom,2024-08-26,82.89,pending,
868,81,491,Premium,2024-10-08,202.51,pending,
869,81,491,Custom,2024-12-27,156.78,failed,
870,82,492,Basic,2024-09-01,184.08,overdue,
871,82,495,Basic,2024-08-02,287.0,failed,
872,83,499,Basic,2025-02-24,217.38,failed,
873,83,501,Standard,2024-09-15,408.3,failed,
874,83,502,Enterprise,2024-05-09,187.17,paid,2024-05-21
875,83,498,Custom,2025-03-12,444.25,paid,2025-03-20
876,83,501,Standard,2024-11-21,301.25,pending,
877,83,498,Custom,2024-09-09,364.09,pending,
878,83,498,Standard,2024-10-04,97.12,overdue,
879,83,501,Premium,2025-01-25,248.81,pending,
880,83,500,Custom,2024-08-01,241.21,paid,2024-08-27
881,83,499,Premium,2025-03-23,143.87,paid,2025-04-10
882,83,500,Basic,2024-07-22,87.83,overdue,
883,83,502,Enterprise,2024-10-07,496.14,failed,
884,83,499,Enterprise,2024-10-09,356.86,paid,2024-11-06
885,83,498,Basic,2024-09-28,322.31,failed,
886,83,502,Basic,2024-05-26,380.69,failed,
887,83,500,Standard,2024-04-13,140.29,failed,
888,83,499,Premium,2024-07-17,473.56,pending,
889,83,499,Enterprise,2025-03-19,406.8,paid,2025-03-31
890,83,501,Custom,2024-07-27,482.14,failed,
891,84,508,Basic,2025-03-28,421.01,failed,
892,84,504,Standard,2024-05-30,311.49,overdue,
893,84,509,Premium,2024-08-30,472.6,paid,2024-09-27
894,84,508,Custom,2024-12-01,356.64,pending,
895,84,510,Basic,2024-11-06,261.6,overdue,
896,84,505,Custom,2024-07-12,29.97,pending,
897,84,504,Basic,2024-12-21,399.03,paid,2024-12-22
898,84,503,Basic,2024-09-23,429.29,overdue,
899,84,508,Enterprise,2024-06-28,392.26,paid,2024-07-26
900,84,503,Enterprise,2024-12-26,440.95,pending,
901,84,506,Premium,2025-03-21,307.18,failed,
902,84,509,Standard,2024-07-30,351.88,failed,
903,85,518,Premium,2025-02-14,390.11,failed,
904,85,513,Basic,2025-02-09,438.01,pending,
905,85,512,Custom,2024-09-20,266.95,paid,2024-10-01
906,85,511,Basic,2024-08-06,397.91,overdue,
907,85,513,Enterprise,2024-11-24,473.57,overdue,
908,85,517,Custom,2024-08-13,342.26,paid,2024-08-22
909,85,512,Standard,2024-06-07,474.43,overdue,
910,85,514,Standard,2024-06-25,357.41,failed,
911,85,512,Basic,2025-01-01,138.43,paid,2025-01-07
912,85,514,Basic,2024-07-15,365.71,failed,
913,85,513,Custom,2024-11-13,81.82,overdue,
914,85,511,Enterprise,2024-09-13,286.28,failed,
915,85,512,Premium,2024-06-20,264.15,failed,
916,85,519,Premium,2025-02-12,92.75,pending,
917,85,518,Premium,2024-06-11,100.2,paid,2024-07-06
918,86,529,Standard,2024-07-18,495.8,paid,2024-07-26
919,86,524,Basic,2025-03-24,416.55,paid,2025-04-23
920,86,528,Basic,2024-10-21,144.03,failed,
921,86,526,Premium,2024-08-06,157.11,overdue,
922,87,531,Enterprise,2024-12-30,63.94,failed,
923,87,530,Premium,2024-05-27,480.88,paid,2024-06-20
924,87,530,Basic,2024-04-12,314.62,overdue,
925,87,530,Premium,2024-05-01,468.41,pending,
926,87,530,Standard,2024-12-27,466.34,paid,2025-01-22
927,87,531,Premium,2025-04-06,344.35,failed,
928,87,531,Basic,2025-03-11,378.15,pending,
929,87,531,Standard,2024-11-01,57.54,pending,
930,87,530,Custom,2024-12-26,125.34,overdue,
931,87,530,Basic,2025-02-21,66.26,overdue,
932,87,530,Premium,2024-07-15,465.41,paid,2024-07-29
933,87,531,Custom,2025-01-12,269.38,pending,
934,87,530,Basic,2024-11-08,39.91,failed,
935,88,541,Custom,2024-06-27,227.49,overdue,
936,88,537,Premium,2025-01-21,457.69,failed,
937,88,534,Premium,2025-02-23,462.66,failed,
938,88,533,Standard,2024-10-08,334.46,paid,2024-11-02
939,88,537,Enterprise,2025-02-10,157.99,paid,2025-03-04
940,88,535,Enterprise,2024-04-25,230.17,paid,2024-05-10
941,88,539,Premium,2024-11-17,115.78,paid,2024-12-03
942,88,532,Enterprise,2024-07-07,358.82,pending,
943,88,537,Standard,2024-08-10,331.82,failed,
944,88,533,Premium,2024-07-09,487.77,paid,2024-07-29
945,88,539,Enterprise,2024-07-01,224.21,paid,2024-07-15
946,89,542,Standard,2024-10-19,50.72,failed,
947,89,545,Premium,2025-04-06,402.3,pending,
948,89,550,Custom,2024-08-16,48.01,failed,
949,89,544,Basic,2024-07-06,488.55,pending,
950,89,545,Custom,2024-12-18,28.25,failed,
951,90,553,Enterprise,2024-05-21,418.61,overdue,
952,91,556,Premium,2024-09-15,388.83,failed,
953,91,556,Basic,2024-11-14,416.68,failed,
954,91,555,Premium,2025-02-26,121.46,pending,
955,91,556,Premium,2024-05-19,205.73,overdue,
956,91,555,Standard,2024-06-13,253.32,paid,2024-07-02
957,91,555,Premium,2024-07-11,283.28,paid,2024-08-06
958,91,555,Premium,2024-06-13,463.99,failed,
959,91,555,Custom,2024-05-31,499.11,paid,2024-06-16
960,91,555,Custom,2024-04-26,397.31,overdue,
961,91,556,Premium,2024-10-24,109.69,pending,
962,91,555,Premium,2024-12-29,437.16,failed,
963,91,555,Standard,2025-03-31,24.22,overdue,
964,91,556,Enterprise,2024-07-10,121.17,overdue,
965,91,556,Custom,2025-03-22,169.63,failed,
966,91,556,Basic,2024-06-05,174.15,paid,2024-06-22
967,91,556,Standard,2024-06-11,373.48,overdue,
968,92,560,Custom,2024-12-06,343.57,pending,
969,92,560,Custom,2025-03-21,366.84,failed,
970,92,558,Premium,2024-05-01,259.96,failed,
971,92,559,Custom,2024-05-22,48.57,paid,2024-06-02
972,92,559,Custom,2025-01-14,193.32,overdue,
973,92,560,Basic,2024-04-16,492.81,failed,
974,92,560,Premium,2024-11-27,293.07,overdue,
975,92,559,Custom,2024-05-13,481.56,pending,
976,92,557,Enterprise,2024-05-12,194.18,failed,
977,92,557,Premium,2025-04-10,319.33,pending,
978,92,560,Custom,2024-07-25,426.58,failed,
979,92,559,Basic,2024-08-29,361.61,pending,
980,92,560,Enterprise,2024-11-23,362.7,failed,
981,92,557,Standard,2024-09-12,379.02,failed,
982,92,558,Standard,2024-04-20,307.16,paid,2024-05-20
983,92,558,Standard,2025-03-02,20.32,paid,2025-03-17
984,93,562,Premium,2024-08-25,140.98,failed,
985,93,563,Premium,2024-12-31,73.16,pending,
986,93,565,Basic,2024-11-27,336.41,paid,2024-12-25
987,93,562,Basic,2025-03-25,205.16,failed,
988,94,573,Enterprise,2024-12-28,20.2,pending,
989,94,573,Basic,2025-02-16,61.5,pending,
990,94,568,Custom,2024-08-19,257.5,failed,
991,94,573,Enterprise,2024-05-24,91.86,overdue,
992,94,569,Enterprise,2024-07-13,413.9,overdue,
993,94,571,Basic,2025-03-04,480.2,failed,
994,94,573,Basic,2024-10-07,328.7,pending,
995,94,574,Custom,2024-07-27,113.05,failed,
996,94,570,Enterprise,2024-08-18,158.94,paid,2024-09-16
997,94,572,Enterprise,2024-04-26,365.9,overdue,
998,94,570,Premium,2025-01-21,136.35,overdue,
999,94,568,Custom,2024-05-14,214.82,overdue,
1000,94,571,Custom,2024-10-12,397.4,overdue,
1001,94,573,Custom,2024-09-22,238.76,overdue,
1002,94,573,Custom,2025-03-04,167.39,paid,2025-03-14
1003,94,573,Custom,2025-02-22,101.75,paid,2025-03-10
1004,94,573,Basic,2025-04-08,437.95,overdue,
1005,94,573,Standard,2024-11-09,63.87,paid,2024-12-07
1006,94,571,Standard,2025-01-18,65.39,overdue,
1007,95,579,Basic,2024-07-15,442.31,paid,2024-07-31
1008,95,576,Premium,2024-05-02,282.49,pending,
1009,95,579,Premium,2025-03-01,164.76,paid,2025-03-28
1010,95,578,Standard,2024-08-01,468.53,failed,
1011,95,579,Enterprise,2024-05-10,394.19,pending,
1012,95,579,Custom,2024-08-28,229.27,failed,
1013,95,581,Standard,2024-06-23,229.8,paid,2024-07-02
1014,95,579,Standard,2025-04-03,207.22,failed,
1015,95,579,Enterprise,2024-12-25,385.93,overdue,
1016,95,575,Enterprise,2024-11-16,77.65,failed,
1017,95,576,Standard,2024-09-25,248.73,pending,
1018,95,578,Custom,2024-09-09,231.25,pending,
1019,96,584,Premium,2025-01-18,109.01,paid,2025-02-13
1020,96,585,Enterprise,2024-07-19,347.31,overdue,
1021,96,587,Premium,2024-08-24,169.74,overdue,
1022,96,586,Custom,2025-03-22,97.91,paid,2025-04-06
1023,96,586,Basic,2025-01-18,258.1,pending,
1024,96,586,Custom,2025-04-07,395.15,overdue,
1025,96,586,Enterprise,2025-01-09,99.94,paid,2025-01-13
1026,96,587,Standard,2024-05-08,85.82,pending,
1027,96,583,Basic,2025-03-16,79.47,failed,
1028,96,584,Enterprise,2024-12-18,29.21,overdue,
1029,96,586,Custom,2024-10-18,56.94,failed,
1030,96,585,Premium,2024-08-15,436.17,failed,
1031,96,583,Premium,2024-05-20,466.73,paid,2024-05-23
1032,96,587,Standard,2024-08-15,474.0,paid,2024-09-02
1033,96,584,Premium,2025-03-31,404.01,pending,
1034,96,586,Basic,2024-07-06,128.17,paid,2024-07-08
1035,96,585,Standard,2025-02-15,75.58,failed,
1036,96,583,Enterprise,2024-04-16,479.29,paid,2024-05-01
1037,96,583,Standard,2024-09-09,173.31,pending,
1038,96,583,Standard,2024-09-11,119.04,overdue,
1039,97,594,Enterprise,2024-10-16,255.56,paid,2024-10-22
1040,97,589,Standard,2025-03-26,167.64,paid,2025-04-12
1041,97,596,Premium,2025-01-27,148.73,failed,
1042,97,588,Custom,2025-02-18,76.32,paid,2025-03-09
1043,97,593,Standard,2024-06-07,459.37,paid,2024-06-09
1044,97,592,Premium,2025-02-02,426.25,pending,
1045,97,588,Custom,2024-12-01,109.5,pending,
1046,97,595,Basic,2024-11-05,78.62,pending,
1047,97,589,Standard,2024-12-30,475.86,paid,2025-01-04
1048,97,590,Custom,2024-09-02,471.8,failed,
1049,97,592,Basic,2025-01-18,430.09,failed,
1050,97,593,Premium,2025-02-01,447.34,paid,2025-02-20
1051,97,593,Standard,2024-10-15,316.29,pending,
1052,97,591,Premium,2024-11-05,22.74,overdue,
1053,97,590,Standard,2025-02-19,365.77,paid,2025-02-21
1054,97,589,Premium,2024-08-21,81.8,overdue,
1055,97,593,Enterprise,2024-11-06,362.79,failed,
1056,97,592,Basic,2024-09-27,82.81,pending,
1057,97,592,Standard,2025-01-21,83.8,failed,
1058,97,590,Basic,2024-05-03,461.43,failed,
1059,98,601,Premium,2024-05-14,28.39,overdue,
1060,99,612,Basic,2024-05-06,403.05,paid,2024-06-02
1061,99,610,Enterprise,2024-10-25,401.16,overdue,
1062,99,603,Basic,2024-12-03,492.59,overdue,
1063,99,611,Premium,2024-04-24,271.77,paid,2024-05-13
1064,99,606,Custom,2025-03-07,498.41,paid,2025-03-11
1065,99,604,Custom,2025-02-22,266.52,pending,
1066,99,607,Basic,2024-09-01,124.15,overdue,
1067,99,608,Enterprise,2024-12-11,280.96,paid,2025-01-08
1068,99,606,Enterprise,2024-04-12,394.18,pending,
1069,99,608,Premium,2025-02-14,328.7,overdue,
1070,99,608,Basic,2024-11-05,420.28,overdue,
1071,99,610,Standard,2024-05-24,353.67,failed,
1072,99,604,Enterprise,2024-07-09,447.72,pending,
1073,99,612,Basic,2024-12-16,345.04,pending,
1074,99,612,Enterprise,2025-03-06,478.28,paid,2025-04-04
1075,99,608,Custom,2024-11-13,293.43,paid,2024-11-22
1076,99,604,Enterprise,2024-05-06,267.41,pending,
1077,99,605,Premium,2024-12-06,37.02,overdue,
1078,100,615,Custom,2024-04-14,321.63,failed,
1079,100,618,Custom,2025-02-09,250.17,pending,
1080,100,620,Standard,2025-02-08,176.64,pending,
1081,100,618,Standard,2024-08-30,426.71,pending,
1082,100,616,Custom,2024-05-04,241.78,paid,2024-05-19
1083,100,619,Custom,2024-06-28,465.2,paid,2024-06-30
1084,100,614,Custom,2024-09-14,407.29,overdue,
